<?xml version="1.0" encoding="UTF-8"?>
<extension type="file" version="3.0" method="upgrade">
	<name>fr-FRcom_localisefr-FR</name>
	<version>3.0.2</version>
	<creationDate>10/07/2014</creationDate>
	<author>Localise Team</author>
	<authorEmail></authorEmail>
	<authorUrl></authorUrl>
	<copyright>Copyright (C) 2012 - today Localise Team. All rights reserved.</copyright>
	<license>http://www.gnu.org/licenses/gpl-2.0.html GNU/GPL</license>
	<packager></packager>
	<packagerurl></packagerurl>
	<description><![CDATA[French com_localise languagepack]]></description>
	<fileset>
		<files folder="admin/fr-FR" target="administrator/language/fr-FR">
			<filename>fr-FR.com_localise.ini</filename>
			<filename>fr-FR.com_localise.sys.ini</filename>
		</files>
	</fileset>
	<updateservers>
		<server type="collection" priority="1" name="localise github language">https://raw.githubusercontent.com/infograf768/testupdate/master/testupdate.xml</server>
	</updateservers>
</extension>
